{
  "Xmins": [-40e-2, -6.5e-2,-2.5e-2,-2.25e-2,-2.25e-2,-2.25e-2,-1.25e-2,-1e-2,-1e-2,1e-2,1.25e-2,1.25e-2,1.25e-2,2.25e-2,2.5e-2,-6.5e-2,-6.5e-2,6.5e-2],
  "Xmaxs": [-6.5e-2,-2.5e-2,-2.25e-2,-1.25e-2,-1.25e-2,-1.25e-2,-1e-2,1e-2,1e-2,1.25e-2,2.25e-2,2.25e-2,2.25e-2,2.5e-2,6.5e-2,6.5e-2,6.5e-2,40e-2],
  "Ymins": [0.0,0.0,0.0,0.0,1.75e-2,2.75e-2,0,0,0.2e-2,0,0,1.75e-2,2.75e-2,0,0,3e-2,7e-2,0],
  "Ymaxs": [40e-2,3e-2,3e-2,1.75e-2,2.75e-2,3e-2,3e-2,0.2e-2,3e-2,3e-2,1.75e-2,2.75e-2,3e-2,3e-2,3e-2,7e-2,40e-2,40e-2],
  "CurrentDensitys": [0,0,0,0,-1e7,0,0,0,0,0,0,1e7,0,0,0,0,0,0],
  "MagneticPermeabilitys": [1.0,1000,1,1,1,1,1,1,1000,1,1,1,1,1,1000,1000,1,1],
  "Xs": [-40e-2,-6.5e-2,-2.5e-2,-2.25e-2,-1.25e-2,-1e-2,1e-2,1.25e-2,2.25e-2,2.5e-2,6.5e-2,40e-2],
  "XSteps": [0.025,0.0055,0.002,0.0025,0.00125,0.00125,0.00125,0.0025,0.002,0.0055,0.025],
  "XRelaxRatios": [1.4,1.4,1,1.2,1,1,1,1.2,1,1.4,1.4],
  "IsReversedXRelaxRatio": [true,true,true,true,false,false,false,false,false,false,false],
  "Ys": [0,0.2e-2,1.75e-2,2.75e-2,3e-2,7e-2,40e-2],
  "YSteps": [0.001,0.00125,0.0025,0.002,0.0055,0.035],
  "YRelaxRatios": [1,1.1,1.2,1,1.4,1.4],
  "IsReversedYRelaxRatio": [false,false,false,false,false,false]
}